{"lr": 0.010000000000000002, "data_time": 0.0010991573333740234, "loss": 0.5537216156721115, "time": 0.3951375484466553, "epoch": 1, "iter": 72, "step": 72}
{"accuracy/top1": 68.18181610107422, "data_time": 0.4188068707784017, "time": 0.5266066657172309, "step": 1}
{"lr": 0.03250000000000001, "data_time": 0.0012996912002563477, "loss": 0.6389796584844589, "time": 0.4097643613815308, "epoch": 2, "iter": 144, "step": 144}
{"accuracy/top1": 58.39160919189453, "data_time": 0.0032628837384675678, "time": 0.10629650166160182, "step": 2}
{"lr": 0.055000000000000014, "data_time": 0.0009994983673095703, "loss": 1.3267791330814362, "time": 0.3997915029525757, "epoch": 3, "iter": 216, "step": 216}
{"accuracy/top1": 19.930070877075195, "data_time": 0.0032673885947779604, "time": 0.10801373030010022, "step": 3}
{"lr": 0.07750000000000003, "data_time": 0.001199817657470703, "loss": 1.280489408969879, "time": 0.3933648347854614, "epoch": 4, "iter": 288, "step": 288}
{"accuracy/top1": 26.048952102661133, "data_time": 0.0028688656656365645, "time": 0.104411991018998, "step": 4}
{"lr": 0.10000000000000003, "data_time": 0.0010996341705322265, "loss": 1.5806423664093017, "time": 0.38646817207336426, "epoch": 5, "iter": 360, "step": 360}
{"accuracy/top1": 22.202796936035156, "data_time": 0.0028946650655646074, "time": 0.10401926542583265, "step": 5}
{"lr": 0.10000000000000003, "data_time": 0.0011992454528808594, "loss": 0.8650242060422897, "time": 0.4000786066055298, "epoch": 6, "iter": 432, "step": 432}
{"accuracy/top1": 55.769229888916016, "data_time": 0.0032937652186343543, "time": 0.10386948836477179, "step": 6}
{"lr": 0.09979891598506223, "data_time": 0.001399064064025879, "loss": 0.8249742329120636, "time": 0.4075105905532837, "epoch": 7, "iter": 504, "step": 504}
{"accuracy/top1": 44.230770111083984, "data_time": 0.0029999080457185443, "time": 0.10644693123666864, "step": 7}
{"lr": 0.09919728295050158, "data_time": 0.0012986898422241212, "loss": 0.6925596371293068, "time": 0.40614216327667235, "epoch": 8, "iter": 576, "step": 576}
{"accuracy/top1": 79.02098083496094, "data_time": 0.0030522848430432773, "time": 0.10963564170034308, "step": 8}
{"lr": 0.0981999448917579, "data_time": 0.0010934114456176759, "loss": 0.4754063621163368, "time": 0.3753282785415649, "epoch": 9, "iter": 648, "step": 648}
{"accuracy/top1": 79.3706283569336, "data_time": 0.003177191081799959, "time": 0.10045411712244938, "step": 9}
{"lr": 0.0968149317884549, "data_time": 0.001099371910095215, "loss": 0.6053572595119476, "time": 0.391286039352417, "epoch": 10, "iter": 720, "step": 720}
{"accuracy/top1": 68.70629119873047, "data_time": 0.003211046520032381, "time": 0.10048097058346397, "step": 10}
{"lr": 0.09505339495172586, "data_time": 0.0012993812561035156, "loss": 0.5366500332951546, "time": 0.40852580070495603, "epoch": 11, "iter": 792, "step": 792}
{"accuracy/top1": 74.8251724243164, "data_time": 0.003318184300472862, "time": 0.1035900492417185, "step": 11}
{"lr": 0.09292951724041323, "data_time": 0.0009988784790039063, "loss": 0.49772863686084745, "time": 0.4066721677780151, "epoch": 12, "iter": 864, "step": 864}
{"accuracy/top1": 81.81818389892578, "data_time": 0.003210431651065224, "time": 0.1031847125605533, "step": 12}
{"lr": 0.09046039886902865, "data_time": 0.0010997295379638673, "loss": 0.6707236409187317, "time": 0.39812231063842773, "epoch": 13, "iter": 936, "step": 936}
{"accuracy/top1": 69.93006896972656, "data_time": 0.0031054019927978516, "time": 0.11012181482816998, "step": 13}
{"lr": 0.0876659197268804, "data_time": 0.0010001659393310547, "loss": 0.4339794382452965, "time": 0.3995044231414795, "epoch": 14, "iter": 1008, "step": 1008}
{"accuracy/top1": 84.09091186523438, "data_time": 0.003420842321295487, "time": 0.10022313971268504, "step": 14}
{"lr": 0.08456857931689392, "data_time": 0.0010993480682373047, "loss": 0.39376901984214785, "time": 0.380388069152832, "epoch": 15, "iter": 1080, "step": 1080}
{"accuracy/top1": 80.24475860595703, "data_time": 0.003000246851067794, "time": 0.10173465076245759, "step": 15}
