{"lr": 0.001, "data_time": 0.001798558235168457, "loss": 1.1875125288963317, "time": 0.7964719772338867, "epoch": 1, "iter": 36, "step": 36}
{"accuracy/top1": 52.097904205322266, "data_time": 0.9809471501244439, "time": 1.1840288903978136, "step": 1}
{"lr": 0.0032500000000000003, "data_time": 0.0018461942672729492, "loss": 0.771146583557129, "time": 0.7734114170074463, "epoch": 2, "iter": 72, "step": 72}
{"accuracy/top1": 77.097900390625, "data_time": 0.009285044670104981, "time": 0.20769612789154052, "step": 2}
{"lr": 0.0055000000000000005, "data_time": 0.0017038345336914062, "loss": 0.694401204586029, "time": 0.7764517307281494, "epoch": 3, "iter": 108, "step": 108}
{"accuracy/top1": 79.72028350830078, "data_time": 0.008988690376281739, "time": 0.20895614624023437, "step": 3}
{"lr": 0.007750000000000001, "data_time": 0.0018745899200439454, "loss": 0.6598597228527069, "time": 0.7773018598556518, "epoch": 4, "iter": 144, "step": 144}
{"accuracy/top1": 83.39160919189453, "data_time": 0.008864068984985351, "time": 0.20988996028900148, "step": 4}
{"lr": 0.01, "data_time": 0.001667356491088867, "loss": 0.6211623907089233, "time": 0.7687086343765259, "epoch": 5, "iter": 180, "step": 180}
{"accuracy/top1": 88.11189270019531, "data_time": 0.010011386871337891, "time": 0.2123706102371216, "step": 5}
{"lr": 0.01, "data_time": 0.0022248744964599608, "loss": 0.5874636888504028, "time": 0.764313006401062, "epoch": 6, "iter": 216, "step": 216}
{"accuracy/top1": 83.39160919189453, "data_time": 0.008038663864135742, "time": 0.2094578504562378, "step": 6}
{"lr": 0.009997269020417926, "data_time": 0.0017826080322265625, "loss": 0.5931383788585662, "time": 0.7747288227081299, "epoch": 7, "iter": 252, "step": 252}
{"accuracy/top1": 92.83216857910156, "data_time": 0.008764290809631347, "time": 0.20808193683624268, "step": 7}
{"lr": 0.00998907906795778, "data_time": 0.002092862129211426, "loss": 0.5678596138954163, "time": 0.7601211309432984, "epoch": 8, "iter": 288, "step": 288}
{"accuracy/top1": 93.88111877441406, "data_time": 0.008772063255310058, "time": 0.20673537254333496, "step": 8}
{"lr": 0.009975439098212333, "data_time": 0.001942753791809082, "loss": 0.5434055000543594, "time": 0.7618108034133911, "epoch": 9, "iter": 324, "step": 324}
{"accuracy/top1": 93.35664367675781, "data_time": 0.00841538906097412, "time": 0.20892689228057862, "step": 9}
{"lr": 0.009956364026288243, "data_time": 0.001984524726867676, "loss": 0.5340974718332291, "time": 0.7652086019515991, "epoch": 10, "iter": 360, "step": 360}
{"accuracy/top1": 92.83216857910156, "data_time": 0.008745884895324707, "time": 0.20783669948577882, "step": 10}
{"lr": 0.0099318747104966, "data_time": 0.0022301435470581054, "loss": 0.5239205569028854, "time": 0.8105012655258179, "epoch": 11, "iter": 396, "step": 396}
{"accuracy/top1": 92.30769348144531, "data_time": 0.00989072322845459, "time": 0.20859744548797607, "step": 11}
{"lr": 0.009901997929544675, "data_time": 0.00160369873046875, "loss": 0.5091996997594833, "time": 0.7794530391693115, "epoch": 12, "iter": 432, "step": 432}
{"accuracy/top1": 91.60839080810547, "data_time": 0.007784819602966309, "time": 0.20781421661376953, "step": 12}
{"lr": 0.009866766353253792, "data_time": 0.0017541170120239258, "loss": 0.4997891068458557, "time": 0.7667616605758667, "epoch": 13, "iter": 468, "step": 468}
{"accuracy/top1": 93.18181610107422, "data_time": 0.008488035202026368, "time": 0.20799686908721923, "step": 13}
{"lr": 0.009826218506835358, "data_time": 0.0019029617309570313, "loss": 0.5110838413238525, "time": 0.7745304822921752, "epoch": 14, "iter": 504, "step": 504}
{"accuracy/top1": 92.65734100341797, "data_time": 0.008582401275634765, "time": 0.20858325958251953, "step": 14}
{"lr": 0.009780398728764118, "data_time": 0.002156662940979004, "loss": 0.5147608369588852, "time": 0.7713438987731933, "epoch": 15, "iter": 540, "step": 540}
{"accuracy/top1": 91.60839080810547, "data_time": 0.009013056755065918, "time": 0.20693604946136473, "step": 15}
{"lr": 0.009729357122294672, "data_time": 0.0017940044403076173, "loss": 0.4925196796655655, "time": 0.7791539669036865, "epoch": 16, "iter": 576, "step": 576}
{"accuracy/top1": 91.95804595947266, "data_time": 0.009240460395812989, "time": 0.2114851951599121, "step": 16}
{"lr": 0.00967314950067431, "data_time": 0.0020076990127563476, "loss": 0.5014938741922379, "time": 0.7705444812774658, "epoch": 17, "iter": 612, "step": 612}
{"accuracy/top1": 92.83216857910156, "data_time": 0.008807039260864258, "time": 0.21201767921447753, "step": 17}
{"lr": 0.00961183732611204, "data_time": 0.0016265630722045899, "loss": 0.5004176199436188, "time": 0.7721787452697754, "epoch": 18, "iter": 648, "step": 648}
{"accuracy/top1": 94.05594635009766, "data_time": 0.008731842041015625, "time": 0.20752711296081544, "step": 18}
{"lr": 0.00954548764257057, "data_time": 0.0019814252853393556, "loss": 0.5098833411931991, "time": 0.7956630706787109, "epoch": 19, "iter": 684, "step": 684}
{"accuracy/top1": 93.18181610107422, "data_time": 0.008052730560302734, "time": 0.20831360816955566, "step": 19}
{"lr": 0.009474173002454716, "data_time": 0.0018133163452148438, "loss": 0.49528138637542723, "time": 0.7935552358627319, "epoch": 20, "iter": 720, "step": 720}
{"accuracy/top1": 93.5314712524414, "data_time": 0.009023547172546387, "time": 0.2124917984008789, "step": 20}
{"lr": 0.009397971387276416, "data_time": 0.0021057605743408205, "loss": 0.48869678378105164, "time": 0.7730467081069946, "epoch": 21, "iter": 756, "step": 756}
{"accuracy/top1": 93.70629119873047, "data_time": 0.009710860252380372, "time": 0.21432795524597167, "step": 21}
{"lr": 0.009316966122383084, "data_time": 0.0019831418991088866, "loss": 0.4908554285764694, "time": 0.7835076093673706, "epoch": 22, "iter": 792, "step": 792}
{"accuracy/top1": 93.88111877441406, "data_time": 0.008496832847595216, "time": 0.21171505451202394, "step": 22}
{"lr": 0.009231245785842574, "data_time": 0.001804685592651367, "loss": 0.4867925703525543, "time": 0.792359447479248, "epoch": 23, "iter": 828, "step": 828}
{"accuracy/top1": 92.65734100341797, "data_time": 0.009392929077148438, "time": 0.21217820644378663, "step": 23}
{"lr": 0.009140904111584362, "data_time": 0.0021252155303955076, "loss": 0.470461568236351, "time": 0.7792852401733399, "epoch": 24, "iter": 864, "step": 864}
{"accuracy/top1": 93.88111877441406, "data_time": 0.008129382133483886, "time": 0.21047558784484863, "step": 24}
{"lr": 0.009046039886902864, "data_time": 0.0017222881317138672, "loss": 0.5085407376289368, "time": 0.7750918149948121, "epoch": 25, "iter": 900, "step": 900}
{"accuracy/top1": 94.5804214477539, "data_time": 0.008172869682312012, "time": 0.20990309715270997, "step": 25}
{"lr": 0.008946756844434987, "data_time": 0.0020220279693603516, "loss": 0.4978017210960388, "time": 0.7880448341369629, "epoch": 26, "iter": 936, "step": 936}
{"accuracy/top1": 94.05594635009766, "data_time": 0.00846724510192871, "time": 0.20885207653045654, "step": 26}
{"lr": 0.008843163548730012, "data_time": 0.0016894578933715821, "loss": 0.49222069084644315, "time": 0.7893847227096558, "epoch": 27, "iter": 972, "step": 972}
{"accuracy/top1": 94.5804214477539, "data_time": 0.009424686431884766, "time": 0.21143317222595215, "step": 27}
{"lr": 0.00873537327753585, "data_time": 0.0020018100738525392, "loss": 0.4779500037431717, "time": 0.817674970626831, "epoch": 28, "iter": 1008, "step": 1008}
{"accuracy/top1": 94.05594635009766, "data_time": 0.009583377838134765, "time": 0.21486270427703857, "step": 28}
{"lr": 0.00862350389793149, "data_time": 0.0016988039016723633, "loss": 0.4791406780481339, "time": 0.8012922763824463, "epoch": 29, "iter": 1044, "step": 1044}
{"accuracy/top1": 93.5314712524414, "data_time": 0.00883340835571289, "time": 0.21459286212921141, "step": 29}
{"lr": 0.008507677737441082, "data_time": 0.0019023656845092774, "loss": 0.4915836423635483, "time": 0.7989543199539184,