{"lr": 0.0006165768144134147, "data_time": 0.000998377799987793, "loss": 0.43685037046670916, "time": 0.38120083808898925, "epoch": 21, "iter": 1512, "step": 1512}
{"accuracy/top1": 86.88811492919922, "data_time": 0.3704080581665039, "time": 0.46920652138559443, "step": 21}
{"lr": 0.0006165768144134147, "data_time": 0.000994563102722168, "loss": 0.3564284950494766, "time": 0.37506399154663084, "epoch": 22, "iter": 1584, "step": 1584}
{"accuracy/top1": 87.23776245117188, "data_time": 0.002922848651283666, "time": 0.09773886831183183, "step": 22}
{"lr": 0.0006165768144134147, "data_time": 0.0010995864868164062, "loss": 0.40936845988035203, "time": 0.38561334609985354, "epoch": 23, "iter": 1656, "step": 1656}
{"accuracy/top1": 86.71328735351562, "data_time": 0.0028172543174342104, "time": 0.09619800668013723, "step": 23}
{"lr": 0.0006165768144134147, "data_time": 0.0011991262435913086, "loss": 0.3358641564846039, "time": 0.38259038925170896, "epoch": 24, "iter": 1728, "step": 1728}
{"accuracy/top1": 86.53845977783203, "data_time": 0.002997109764500668, "time": 0.09880890344318591, "step": 24}
{"lr": 0.0006165768144134147, "data_time": 0.0006997346878051758, "loss": 0.5274650648236274, "time": 0.37441604137420653, "epoch": 25, "iter": 1800, "step": 1800}
{"accuracy/top1": 86.71328735351562, "data_time": 0.0026836897197522617, "time": 0.09565613144322445, "step": 25}
{"lr": 0.0006165768144134147, "data_time": 0.001298379898071289, "loss": 0.33676822334527967, "time": 0.363309383392334, "epoch": 26, "iter": 1872, "step": 1872}
{"accuracy/top1": 86.71328735351562, "data_time": 0.0034670453322561165, "time": 0.09636341898064864, "step": 26}
{"lr": 0.0006155370212215626, "data_time": 0.0011986255645751952, "loss": 0.36639143973588945, "time": 0.3660684108734131, "epoch": 27, "iter": 1944, "step": 1944}
{"accuracy/top1": 86.53845977783203, "data_time": 0.002947192443044562, "time": 0.09693790736951326, "step": 27}
{"lr": 0.0006124260134493983, "data_time": 0.0011994123458862304, "loss": 0.39428240358829497, "time": 0.3632838487625122, "epoch": 28, "iter": 2016, "step": 2016}
{"accuracy/top1": 86.71328735351562, "data_time": 0.0028968359294690585, "time": 0.09835348631206312, "step": 28}
{"lr": 0.0006072688391022604, "data_time": 0.0010993480682373047, "loss": 0.40962356328964233, "time": 0.37486083507537843, "epoch": 29, "iter": 2088, "step": 2088}
{"accuracy/top1": 86.53845977783203, "data_time": 0.0029038253583406146, "time": 0.09774395039207057, "step": 29}
{"lr": 0.0006001070207156228, "data_time": 0.0010991096496582031, "loss": 0.38444319665431975, "time": 0.3759877920150757, "epoch": 30, "iter": 2160, "step": 2160}
{"accuracy/top1": 86.71328735351562, "data_time": 0.0032108708431846217, "time": 0.096527099609375, "step": 30}
{"lr": 0.0005909982210400536, "data_time": 0.0010918855667114257, "loss": 0.39977778047323226, "time": 0.3843460321426392, "epoch": 31, "iter": 2232, "step": 2232}
{"accuracy/top1": 86.36363983154297, "data_time": 0.00294704186288934, "time": 0.09521936115465666, "step": 31}
{"lr": 0.0005800157787746529, "data_time": 0.0007992029190063476, "loss": 0.37600967288017273, "time": 0.3835829019546509, "epoch": 32, "iter": 2304, "step": 2304}
{"accuracy/top1": 86.18881225585938, "data_time": 0.003157778790122584, "time": 0.09794326832419947, "step": 32}
{"lr": 0.0005672481180869703, "data_time": 0.0011988401412963868, "loss": 0.2993937820196152, "time": 0.372997522354126, "epoch": 33, "iter": 2376, "step": 2376}
{"accuracy/top1": 86.18881225585938, "data_time": 0.0028939121647884973, "time": 0.09641063840765703, "step": 33}
{"lr": 0.0005527980366736002, "data_time": 0.001199793815612793, "loss": 0.4149007678031921, "time": 0.3751908540725708, "epoch": 34, "iter": 2448, "step": 2448}
{"accuracy/top1": 86.36363983154297, "data_time": 0.003003936064870734, "time": 0.09341567441036827, "step": 34}
{"lr": 0.0005367818780935726, "data_time": 0.0010990619659423829, "loss": 0.35989426970481875, "time": 0.3684204578399658, "epoch": 35, "iter": 2520, "step": 2520}
{"accuracy/top1": 86.53845977783203, "data_time": 0.0031320797769646895, "time": 0.09639098769740055, "step": 35}
{"lr": 0.0005193285950384253, "data_time": 0.0011992692947387696, "loss": 0.3269349828362465, "time": 0.3823936939239502, "epoch": 36, "iter": 2592, "step": 2592}
{"accuracy/top1": 86.88811492919922, "data_time": 0.0030989772395083777, "time": 0.09625305627521716, "step": 36}
{"lr": 0.000500578711080954, "data_time": 0.0011963844299316406, "loss": 0.5538097068667411, "time": 0.37907731533050537, "epoch": 37, "iter": 2664, "step": 2664}
{"accuracy/top1": 86.88811492919922, "data_time": 0.003157653306659899, "time": 0.09777317549052991, "step": 37}
{"lr": 0.0004806831892620311, "data_time": 0.0009996891021728516, "loss": 0.3557356454432011, "time": 0.40037899017333983, "epoch": 38, "iter": 2736, "step": 2736}
{"accuracy/top1": 86.71328735351562, "data_time": 0.0030908835561651933, "time": 0.09886051479138826, "step": 38}
{"lr": 0.00045980221662496513, "data_time": 0.0013991117477416993, "loss": 0.3366389837116003, "time": 0.4165994167327881, "epoch": 39, "iter": 2808, "step": 2808}
{"accuracy/top1": 86.71328735351562, "data_time": 0.0032108331981458163, "time": 0.10563433797735917, "step": 39}
{"lr": 0.00043810391448361667, "data_time": 0.0011980295181274413, "loss": 0.3624474696815014, "time": 0.40356123447418213, "epoch": 40, "iter": 2880, "step": 2880}
{"accuracy/top1": 86.18881225585938, "data_time": 0.0028951168060302734, "time": 0.1015785995282625, "step": 40}
