{"lr": 0.001, "data_time": 0.00019958019256591797, "loss": 1.2031712532043457, "time": 0.815608286857605, "epoch": 1, "iter": 36, "step": 36}
{"accuracy/top1": 54.720279693603516, "data_time": 1.0393338998158772, "time": 1.2500324779086642, "step": 1}
{"lr": 0.0032500000000000003, "data_time": 0.0015578985214233399, "loss": 0.7621569037437439, "time": 0.8167179346084594, "epoch": 2, "iter": 72, "step": 72}
{"accuracy/top1": 78.1468505859375, "data_time": 0.011922597885131836, "time": 0.22290487289428712, "step": 2}
{"lr": 0.0055000000000000005, "data_time": 0.0024461984634399415, "loss": 0.6496639668941497, "time": 0.8221028327941895, "epoch": 3, "iter": 108, "step": 108}
{"accuracy/top1": 86.71328735351562, "data_time": 0.011167049407958984, "time": 0.21485917568206786, "step": 3}
