{"lr": 0.1, "data_time": 0.000993967056274414, "loss": 1.499912965297699, "time": 1.0265412092208863, "epoch": 1, "iter": 72, "step": 72}
{"accuracy/top1": 20.279720306396484, "data_time": 0.38254136509365505, "time": 0.6669537623723348, "step": 1}
{"lr": 0.0993844231855866, "data_time": 0.0011986494064331055, "loss": 1.2851240277290343, "time": 1.0055943250656127, "epoch": 2, "iter": 144, "step": 144}
{"accuracy/top1": 19.580419540405273, "data_time": 0.002733494106091951, "time": 0.28621472810444076, "step": 2}
{"lr": 0.09755285028649954, "data_time": 0.0012985944747924804, "loss": 1.3439249396324158, "time": 0.9838404178619384, "epoch": 3, "iter": 216, "step": 216}
{"accuracy/top1": 36.88811111450195, "data_time": 0.002779973180670487, "time": 0.2759782264107152, "step": 3}
{"lr": 0.0945503807061563, "data_time": 0.0011988401412963868, "loss": 1.011628556251526, "time": 0.9949901103973389, "epoch": 4, "iter": 288, "step": 288}
{"accuracy/top1": 39.16083908081055, "data_time": 0.002628376609400699, "time": 0.2736367049970125, "step": 4}
{"lr": 0.0904509452102502, "data_time": 0.0010940074920654298, "loss": 1.0106521368026733, "time": 1.0136018514633178, "epoch": 5, "iter": 360, "step": 360}
{"accuracy/top1": 61.188812255859375, "data_time": 0.0028387245378996197, "time": 0.277140316210295, "step": 5}
{"lr": 0.08535548550593679, "data_time": 0.0010053396224975586, "loss": 0.908299571275711, "time": 1.0014446020126342, "epoch": 6, "iter": 432, "step": 432}
{"accuracy/top1": 68.00699615478516, "data_time": 0.002733268235859118, "time": 0.2790902539303428, "step": 6}
{"lr": 0.07938946872199752, "data_time": 0.0011989116668701173, "loss": 0.9084187150001526, "time": 1.020318365097046, "epoch": 7, "iter": 504, "step": 504}
{"accuracy/top1": 65.73426818847656, "data_time": 0.002789196215177837, "time": 0.279127836227417, "step": 7}
{"lr": 0.07269979799172747, "data_time": 0.001099228858947754, "loss": 0.7001977801322937, "time": 1.0346028566360475, "epoch": 8, "iter": 576, "step": 576}
{"accuracy/top1": 68.5314712524414, "data_time": 0.002679561313829924, "time": 0.2704039121928968, "step": 8}
{"lr": 0.0654511952102502, "data_time": 0.0009993314743041992, "loss": 1.0027138411998748, "time": 1.0071492671966553, "epoch": 9, "iter": 648, "step": 648}
{"accuracy/top1": 65.90908813476562, "data_time": 0.002785770516646536, "time": 0.2730360282094855, "step": 9}
{"lr": 0.05782214503477904, "data_time": 0.0012984752655029296, "loss": 0.6633496761322022, "time": 1.0201600074768067, "epoch": 10, "iter": 720, "step": 720}
{"accuracy/top1": 71.32867431640625, "data_time": 0.0027362798389635587, "time": 0.27568218582554865, "step": 10}
{"lr": 0.05000050000000001, "data_time": 0.0009991884231567382, "loss": 0.8308346927165985, "time": 0.9972053050994873, "epoch": 11, "iter": 792, "step": 792}
{"accuracy/top1": 69.7552490234375, "data_time": 0.002627134323120117, "time": 0.27586638300042404, "step": 11}
{"lr": 0.042178854965220995, "data_time": 0.0009952306747436524, "loss": 0.6381127327680588, "time": 1.00714111328125, "epoch": 12, "iter": 864, "step": 864}
{"accuracy/top1": 69.5804214477539, "data_time": 0.002580404281616211, "time": 0.28481726897390264, "step": 12}
{"lr": 0.034549804789749824, "data_time": 0.0011086463928222656, "loss": 0.6734579414129257, "time": 1.0788875341415405, "epoch": 13, "iter": 936, "step": 936}
{"accuracy/top1": 74.47552490234375, "data_time": 0.002841924366198088, "time": 0.29025760449861226, "step": 13}
{"lr": 0.027301202008272536, "data_time": 0.0011992931365966796, "loss": 0.56643246114254, "time": 1.0879992961883544, "epoch": 14, "iter": 1008, "step": 1008}
{"accuracy/top1": 70.6293716430664, "data_time": 0.0031574525331196034, "time": 0.2911578103115684, "step": 14}
{"lr": 0.0206115312780025, "data_time": 0.001099371910095215, "loss": 0.6271130859851837, "time": 1.077599549293518, "epoch": 15, "iter": 1080, "step": 1080}
{"accuracy/top1": 75.1748275756836, "data_time": 0.003049888108905993, "time": 0.2953682071284244, "step": 15}
{"lr": 0.014645514494063221, "data_time": 0.0009991645812988282, "loss": 0.6286181777715683, "time": 1.0477867603302002, "epoch": 16, "iter": 1152, "step": 1152}
{"accuracy/top1": 73.0769271850586, "data_time": 0.0029998578523334706, "time": 0.2985627525731137, "step": 16}
{"lr": 0.00955005478974982, "data_time": 0.0010975360870361327, "loss": 0.622762930393219, "time": 1.0438899755477906, "epoch": 17, "iter": 1224, "step": 1224}
{"accuracy/top1": 77.44755554199219, "data_time": 0.0028385237643593236, "time": 0.27743197742261383, "step": 17}
{"lr": 0.005450619293843705, "data_time": 0.001098799705505371, "loss": 0.45471509695053103, "time": 0.9590052843093873, "epoch": 18, "iter": 1296, "step": 1296}
{"accuracy/top1": 78.67132568359375, "data_time": 0.002733218042474044, "time": 0.2764040670896831, "step": 18}
{"lr": 0.002448149713500471, "data_time": 0.0011045455932617188, "loss": 0.5152334943413734, "time": 0.9895994424819946, "epoch": 19, "iter": 1368, "step": 1368}
{"accuracy/top1": 79.54545593261719, "data_time": 0.002838285345780222, "time": 0.27756184025814656, "step": 19}
{"lr": 0.0006165768144134147, "data_time": 0.0009962081909179687, "loss": 0.6060921460390091, "time": 1.0158851623535157, "epoch": 20, "iter": 1440, "step": 1440}
{"accuracy/top1": 79.3706283569336, "data_time": 0.0026832128825940585, "time": 0.27632262832240057, "step": 20}
