{"lr": 0.1, "data_time": 0.0012929439544677734, "loss": 1.6635329484939576, "time": 0.3768057107925415, "epoch": 1, "iter": 72, "step": 72}
{"accuracy/top1": 25.349651336669922, "data_time": 0.3887657986746894, "time": 0.4900059435102675, "step": 1}
{"lr": 0.0993844231855866, "data_time": 0.0010992527008056641, "loss": 1.2594489336013794, "time": 0.3765397071838379, "epoch": 2, "iter": 144, "step": 144}
{"accuracy/top1": 31.99300765991211, "data_time": 0.0028417361410040605, "time": 0.10039045936182926, "step": 2}
{"lr": 0.09755285028649954, "data_time": 0.0012983322143554688, "loss": 0.8492088198661805, "time": 0.36502220630645754, "epoch": 3, "iter": 216, "step": 216}
{"accuracy/top1": 33.74126052856445, "data_time": 0.0028945144854093854, "time": 0.09787779105337042, "step": 3}
{"lr": 0.0945503807061563, "data_time": 0.001148056983947754, "loss": 0.7744066894054413, "time": 0.37778511047363283, "epoch": 4, "iter": 288, "step": 288}
{"accuracy/top1": 63.811187744140625, "data_time": 0.003421130933259663, "time": 0.10054866891158254, "step": 4}
{"lr": 0.0904509452102502, "data_time": 0.0009995460510253905, "loss": 0.6944389373064042, "time": 0.40370142459869385, "epoch": 5, "iter": 360, "step": 360}
{"accuracy/top1": 62.06293869018555, "data_time": 0.003124412737394634, "time": 0.10399306447882402, "step": 5}
{"lr": 0.08535548550593679, "data_time": 0.0010996103286743165, "loss": 0.7423907399177552, "time": 0.40943403244018556, "epoch": 6, "iter": 432, "step": 432}
{"accuracy/top1": 65.90908813476562, "data_time": 0.0034736081173545436, "time": 0.10447637658370168, "step": 6}
{"lr": 0.07938946872199752, "data_time": 0.0011934518814086914, "loss": 0.7268620640039444, "time": 0.3881160020828247, "epoch": 7, "iter": 504, "step": 504}
{"accuracy/top1": 79.54545593261719, "data_time": 0.0032630217702765215, "time": 0.10364891353406404, "step": 7}
{"lr": 0.07269979799172747, "data_time": 0.0013994932174682616, "loss": 0.638525053858757, "time": 0.39924912452697753, "epoch": 8, "iter": 576, "step": 576}
{"accuracy/top1": 70.80419921875, "data_time": 0.003394904889558491, "time": 0.10349524648565996, "step": 8}
{"lr": 0.0654511952102502, "data_time": 0.0012992143630981446, "loss": 0.6613946378231048, "time": 0.388701343536377, "epoch": 9, "iter": 648, "step": 648}
{"accuracy/top1": 77.2727279663086, "data_time": 0.003105314154373972, "time": 0.10311131728322882, "step": 9}
{"lr": 0.05782214503477904, "data_time": 0.0011992454528808594, "loss": 0.5354932874441147, "time": 0.4072214841842651, "epoch": 10, "iter": 720, "step": 720}
{"accuracy/top1": 80.06993103027344, "data_time": 0.00305251071327611, "time": 0.10322031221891705, "step": 10}
{"lr": 0.05000050000000001, "data_time": 0.0011996030807495117, "loss": 0.5782512426376343, "time": 0.4125152826309204, "epoch": 11, "iter": 792, "step": 792}
{"accuracy/top1": 77.97203063964844, "data_time": 0.003210745359721937, "time": 0.10436050515425832, "step": 11}
{"lr": 0.042178854965220995, "data_time": 0.001298809051513672, "loss": 0.5910541132092476, "time": 0.40378143787384035, "epoch": 12, "iter": 864, "step": 864}
{"accuracy/top1": 72.37762451171875, "data_time": 0.003367875751696135, "time": 0.10363110743070904, "step": 12}
{"lr": 0.034549804789749824, "data_time": 0.0009000301361083984, "loss": 0.5279387056827545, "time": 0.408583664894104, "epoch": 13, "iter": 936, "step": 936}
{"accuracy/top1": 81.11888122558594, "data_time": 0.0033192258132131477, "time": 0.10520431869908382, "step": 13}
{"lr": 0.027301202008272536, "data_time": 0.0011995077133178712, "loss": 0.4012201547622681, "time": 0.40506749153137206, "epoch": 14, "iter": 1008, "step": 1008}
{"accuracy/top1": 79.3706283569336, "data_time": 0.0029215436232717415, "time": 0.1038474534687243, "step": 14}
{"lr": 0.0206115312780025, "data_time": 0.0009992599487304687, "loss": 0.39433968961238863, "time": 0.40640671253204347, "epoch": 15, "iter": 1080, "step": 1080}
{"accuracy/top1": 83.91608428955078, "data_time": 0.0032101681357935854, "time": 0.1032181037099738, "step": 15}
{"lr": 0.014645514494063221, "data_time": 0.0012434720993041992, "loss": 0.5551176935434341, "time": 0.4045081377029419, "epoch": 16, "iter": 1152, "step": 1152}
{"accuracy/top1": 84.79020690917969, "data_time": 0.0032549280869333366, "time": 0.10331508987828304, "step": 16}
{"lr": 0.00955005478974982, "data_time": 0.0010990381240844726, "loss": 0.557197168469429, "time": 0.4101241588592529, "epoch": 17, "iter": 1224, "step": 1224}
{"accuracy/top1": 86.01398468017578, "data_time": 0.002947092056274414, "time": 0.10433814400120785, "step": 17}
{"lr": 0.005450619293843705, "data_time": 0.0012754678726196289, "loss": 0.30244494080543516, "time": 0.3931107044219971, "epoch": 18, "iter": 1296, "step": 1296}
{"accuracy/top1": 86.88811492919922, "data_time": 0.0029998076589483965, "time": 0.10190767990915399, "step": 18}
{"lr": 0.002448149713500471, "data_time": 0.000998687744140625, "loss": 0.38930473774671553, "time": 0.36933412551879885, "epoch": 19, "iter": 1368, "step": 1368}
{"accuracy/top1": 87.06293487548828, "data_time": 0.0032630468669690585, "time": 0.09518359836779143, "step": 19}
{"lr": 0.0006165768144134147, "data_time": 0.0010989189147949218, "loss": 0.33461928367614746, "time": 0.3988619327545166, "epoch": 20, "iter": 1440, "step": 1440}
{"accuracy/top1": 87.06293487548828, "data_time": 0.0029470795079281457, "time": 0.09582297425521047, "step": 20}
