{"lr": 0.001, "data_time": 0.0019007682800292968, "loss": 1.1708413720130921, "time": 0.826491904258728, "epoch": 1, "iter": 36, "step": 36}
{"accuracy/top1": 58.56643295288086, "data_time": 0.9687733120388455, "time": 1.1798378626505535, "step": 1}
{"lr": 0.0032500000000000003, "data_time": 0.0010687828063964844, "loss": 0.7338130891323089, "time": 0.823585844039917, "epoch": 2, "iter": 72, "step": 72}
{"accuracy/top1": 80.24475860595703, "data_time": 0.0054388284683227536, "time": 0.21493370532989503, "step": 2}
{"lr": 0.0055000000000000005, "data_time": 0.0035170555114746095, "loss": 0.6688029050827027, "time": 0.8290587186813354, "epoch": 3, "iter": 108, "step": 108}
{"accuracy/top1": 89.33566284179688, "data_time": 0.008249235153198243, "time": 0.2097403287887573, "step": 3}
{"lr": 0.007750000000000001, "data_time": 0.0, "loss": 0.6609693109989166, "time": 0.8219520568847656, "epoch": 4, "iter": 144, "step": 144}
{"accuracy/top1": 90.73426818847656, "data_time": 0.00571591854095459, "time": 0.2122246503829956, "step": 4}
{"lr": 0.01, "data_time": 0.00019989013671875, "loss": 0.6076333105564118, "time": 0.8356027603149414, "epoch": 5, "iter": 180, "step": 180}
{"accuracy/top1": 93.35664367675781, "data_time": 0.009823799133300781, "time": 0.21110160350799562, "step": 5}
{"lr": 0.01, "data_time": 0.003509116172790527, "loss": 0.5953402698040009, "time": 0.8172503709793091, "epoch": 6, "iter": 216, "step": 216}
{"accuracy/top1": 90.03496551513672, "data_time": 0.007243490219116211, "time": 0.21574952602386474, "step": 6}
{"lr": 0.009938503261272713, "data_time": 0.0, "loss": 0.5785149514675141, "time": 0.8328112363815308, "epoch": 7, "iter": 252, "step": 252}
{"accuracy/top1": 91.08391571044922, "data_time": 0.0064655780792236325, "time": 0.2141721487045288, "step": 7}
{"lr": 0.009755527298894293, "data_time": 0.002779364585876465, "loss": 0.5478358030319214, "time": 0.8281176328659058, "epoch": 8, "iter": 288, "step": 288}
{"accuracy/top1": 90.03496551513672, "data_time": 0.010621237754821777, "time": 0.2091506004333496, "step": 8}
{"lr": 0.009455577588320897, "data_time": 0.00654904842376709, "loss": 0.5485063314437866, "time": 0.8250959157943726, "epoch": 9, "iter": 324, "step": 324}
{"accuracy/top1": 92.13286590576172, "data_time": 0.011253619194030761, "time": 0.21245203018188477, "step": 9}
{"lr": 0.009046039886902862, "data_time": 0.0002998828887939453, "loss": 0.5244822204113007, "time": 0.8281596899032593, "epoch": 10, "iter": 360, "step": 360}
{"accuracy/top1": 91.4335708618164, "data_time": 0.012350225448608398, "time": 0.2094912052154541, "step": 10}
{"lr": 0.008536998372026804, "data_time": 0.0032073974609375, "loss": 0.5297293871641159, "time": 0.8221481084823609, "epoch": 11, "iter": 396, "step": 396}
{"accuracy/top1": 93.00699615478516, "data_time": 0.008806920051574707, "time": 0.21193270683288573, "step": 11}
{"lr": 0.007940987335200904, "data_time": 0.0037124156951904297, "loss": 0.5585326313972473, "time": 0.8250905752182007, "epoch": 12, "iter": 432, "step": 432}
{"accuracy/top1": 92.30769348144531, "data_time": 0.006890201568603515, "time": 0.20882704257965087, "step": 12}
{"lr": 0.0072726825461990365, "data_time": 0.0014006853103637694, "loss": 0.517385509610176, "time": 0.834097170829773, "epoch": 13, "iter": 468, "step": 468}
{"accuracy/top1": 93.35664367675781, "data_time": 0.006308317184448242, "time": 0.22807643413543702, "step": 13}
{"lr": 0.006548539886902864, "data_time": 0.0, "loss": 0.49693216681480407, "time": 0.8343753337860107, "epoch": 14, "iter": 504, "step": 504}
{"accuracy/top1": 93.88111877441406, "data_time": 0.005393195152282715, "time": 0.20697283744812012, "step": 14}
{"lr": 0.005786390152875955, "data_time": 0.0015618085861206054, "loss": 0.54032182097435, "time": 0.8250840902328491, "epoch": 15, "iter": 540, "step": 540}
{"accuracy/top1": 92.65734100341797, "data_time": 0.0054940938949584964, "time": 0.20895156860351563, "step": 15}
{"lr": 0.005005000000000001, "data_time": 0.0015620946884155273, "loss": 0.5029873698949814, "time": 0.8222074270248413, "epoch": 16, "iter": 576, "step": 576}
{"accuracy/top1": 93.35664367675781, "data_time": 0.007811594009399414, "time": 0.20792868137359619, "step": 16}
{"lr": 0.0042236098471240486, "data_time": 0.0, "loss": 0.509992179274559, "time": 0.8167652368545533, "epoch": 17, "iter": 612, "step": 612}
{"accuracy/top1": 93.70629119873047, "data_time": 0.007870221138000488, "time": 0.20680725574493408, "step": 17}
{"lr": 0.003461460113097139, "data_time": 0.001562023162841797, "loss": 0.5104273021221161, "time": 0.8207769393920898, "epoch": 18, "iter": 648, "step": 648}
{"accuracy/top1": 94.5804214477539, "data_time": 0.007787537574768066, "time": 0.20407981872558595, "step": 18}
{"lr": 0.0027373174538009646, "data_time": 0.0015622854232788086, "loss": 0.49081012308597566, "time": 0.8160284042358399, "epoch": 19, "iter": 684, "step": 684}
{"accuracy/top1": 93.70629119873047, "data_time": 0.0071075201034545895, "time": 0.20726182460784912, "step": 19}
{"lr": 0.0020690126647990976, "data_time": 0.0015625953674316406, "loss": 0.5016031622886657, "time": 0.8188518047332763, "epoch": 20, "iter": 720, "step": 720}
{"accuracy/top1": 94.23077392578125, "data_time": 0.007869458198547364, "time": 0.20971343517303467, "step": 20}
